{
  "app_hash": "",
  "app_state": {
    "auth": {
      "accounts": [],
      "params": {
        "max_memo_characters": "256",
        "sig_verify_cost_ed25519": "590",
        "sig_verify_cost_secp256k1": "1000",
        "tx_sig_limit": "7",
        "tx_size_cost_per_byte": "10"
      }
    },
    "bank": {
      "balances": [],
      "denom_metadata": [
        {
          "base": "ublue",
          "denom_units": [
            {
              "aliases": [],
              "denom": "blue",
              "exponent": 6
            },
            {
              "aliases": [
                "milliblue"
              ],
              "denom": "mblue",
              "exponent": 3
            },
            {
              "aliases": [
                "microblue"
              ],
              "denom": "ublue",
              "exponent": 0
            }
          ],
          "description": "The native staking token of the Sentinel Bluenet",
          "display": "blue"
        }
      ],
      "params": {
        "default_send_enabled": true,
        "send_enabled": []
      },
      "supply": []
    },
    "capability": {
      "index": "1",
      "owners": []
    },
    "crisis": {
      "constant_fee": {
        "amount": "2500000000",
        "denom": "ublue"
      }
    },
    "distribution": {
      "delegator_starting_infos": [],
      "delegator_withdraw_infos": [],
      "fee_pool": {
        "community_pool": []
      },
      "outstanding_rewards": [],
      "params": {
        "base_proposer_reward": "0.010000000000000000",
        "bonus_proposer_reward": "0.040000000000000000",
        "community_tax": "0.020000000000000000",
        "withdraw_addr_enabled": true
      },
      "previous_proposer": "",
      "validator_accumulated_commissions": [],
      "validator_current_rewards": [],
      "validator_historical_rewards": [],
      "validator_slash_events": []
    },
    "evidence": {
      "evidence": []
    },
    "genutil": {
      "gen_txs": []
    },
    "gov": {
      "deposit_params": {
        "max_deposit_period": "172800s",
        "min_deposit": [
          {
            "amount": "500000000000",
            "denom": "ublue"
          }
        ]
      },
      "deposits": [],
      "proposals": [],
      "starting_proposal_id": "1",
      "tally_params": {
        "quorum": "0.334000000000000000",
        "threshold": "0.500000000000000000",
        "veto_threshold": "0.334000000000000000"
      },
      "votes": [],
      "voting_params": {
        "voting_period": "172800s"
      }
    },
    "ibc": {
      "channel_genesis": {
        "ack_sequences": [],
        "acknowledgements": [],
        "channels": [],
        "commitments": [],
        "next_channel_sequence": "0",
        "receipts": [],
        "recv_sequences": [],
        "send_sequences": []
      },
      "client_genesis": {
        "clients": [],
        "clients_consensus": [],
        "clients_metadata": [],
        "create_localhost": false,
        "next_client_sequence": "0",
        "params": {
          "allowed_clients": [
            "07-tendermint"
          ]
        }
      },
      "connection_genesis": {
        "client_connection_paths": [],
        "connections": [],
        "next_connection_sequence": "0"
      }
    },
    "mint": {
      "minter": {
        "annual_provisions": "0.000000000000000000",
        "inflation": "0.049000000000000000"
      },
      "params": {
        "blocks_per_year": "5259600",
        "goal_bonded": "0.670000000000000000",
        "inflation_max": "0.055000000000000000",
        "inflation_min": "0.049000000000000000",
        "inflation_rate_change": "0.006000000000000000",
        "mint_denom": "ublue"
      }
    },
    "params": null,
    "slashing": {
      "missed_blocks": [],
      "params": {
        "downtime_jail_duration": "600s",
        "min_signed_per_window": "0.050000000000000000",
        "signed_blocks_window": "10000",
        "slash_fraction_double_sign": "0.050000000000000000",
        "slash_fraction_downtime": "0.000100000000000000"
      },
      "signing_infos": []
    },
    "staking": {
      "delegations": [],
      "exported": false,
      "last_total_power": "0",
      "last_validator_powers": [],
      "params": {
        "bond_denom": "ublue",
        "historical_entries": 10000,
        "max_entries": 7,
        "max_validators": 128,
        "unbonding_time": "345600s"
      },
      "redelegations": [],
      "unbonding_delegations": [],
      "validators": []
    },
    "swap": {
      "params": {
        "approve_by": "",
        "swap_denom": "ublue",
        "swap_enabled": true
      },
      "swaps": []
    },
    "transfer": {
      "denom_traces": [],
      "params": {
        "receive_enabled": true,
        "send_enabled": true
      },
      "port_id": "transfer"
    },
    "upgrade": {},
    "vesting": {},
    "vpn": {
      "deposits": [],
      "nodes": {
        "nodes": [],
        "params": {
          "deposit": {
            "amount": "0",
            "denom": "ublue"
          },
          "inactive_duration": "360s"
        }
      },
      "plans": [],
      "providers": {
        "params": {
          "deposit": {
            "amount": "25000000000",
            "denom": "ublue"
          }
        },
        "providers": []
      },
      "sessions": {
        "params": {
          "inactive_duration": "720s",
          "proof_verification_enabled": false
        },
        "sessions": []
      },
      "subscriptions": {
        "params": {
          "inactive_duration": "1440s"
        },
        "subscriptions": []
      }
    }
  },
  "chain_id": "bluenet-1",
  "consensus_params": {
    "block": {
      "max_bytes": "22020096",
      "max_gas": "-1",
      "time_iota_ms": "1000"
    },
    "evidence": {
      "max_age_duration": "172800000000000",
      "max_age_num_blocks": "1000000",
      "max_bytes": "1048576"
    },
    "validator": {
      "pub_key_types": [
        "ed25519"
      ]
    },
    "version": {}
  },
  "genesis_time": "2021-09-01T12:30:00.000Z",
  "initial_height": "1"
}